{
  "satellites": [
    [
      "IRIDIUM 7 [-]",
      "1 24793U 97020B   23042.74964846  .00001083  00000+0  37633-3 0  9998",
      "2 24793  86.4022 175.5032 0002128  91.6433 268.5006 14.34665431349270"
    ],
    [
      "IRIDIUM 5 [-]",
      "1 24795U 97020D   23042.25266506  .00006263  00000+0  66628-3 0  9995",
      "2 24795  86.3949 114.3449 0131305 303.1557  55.7124 14.82585111358063"
    ],
    [
      "IRIDIUM 4 [-]",
      "1 24796U 97020E   23042.09188609  .00001075  00000+0  36657-3 0  9990",
      "2 24796  86.4018 173.2299 0002111  97.9560 262.1876 14.35571770349458"
    ],
    [
      "IRIDIUM 914 [-]",
      "1 24836U 97030A   23042.10184420  .00001250  00000+0  39630-3 0  9994",
      "2 24836  86.3989 184.2885 0003182 126.7776 233.3715 14.39312432483780"
    ]
  ],
  "connections": {
    "0" : [1,2],
    "1" : [3],
    "2" : [3]
  }
}